{
  "service": {
    "name": "imageclassfier",
    "user": "nobody",
    "service_account": "",
    "service_account_secret": "",
    "virtual_network_enabled": false,
    "virtual_network_name": "dcos",
    "virtual_network_plugin_labels": "",
    "mesos_api_version": "V1",
    "log_level": "ALL",
    "security": {
      "kerberos": {
        "enabled": false,
        "kdc": {},
        "primary": "tensorflow",
        "debug": false
      }
    },
    "job_url": "https://<bucket_name>.s3.amazonaws.com/<location>",
    "job_path": "trainer/src",
    "job_name": "runner",
    "job_context": "{\"MESOS_ID\":\"image-classifier-trainer\",\"KAFKA_BROKER\":\"\",\"PREFIX\":\"\",\"ENV\":\"prd\",\"AWS_ACCESS_KEY_ID\":\"\",\"AWS_SECRET_ACCESS_KEY\":\"\",\"LOG_LEVEL\":\"DEBUG\",\"AWS_REGION\":\"\",\"APPLICATION_ID\":\"image_classifier_trainer\",\"MONITORING_URL\":\"http://pushgateway.marathon.l4lb.thisdcos.directory:9091\",\"epoch\":\"10\"}",
    "shared_filesystem": "s3://<bucket_name>/<location>",
    "hdfs": {
      "config_uri": ""
    },
    "gcs_key": "",
    "use_gcs_key_secret": false,
    "use_tensorboard": false,
    "tf_image": "abdelai/dcostf",
    "gpu_tf_image": "mesosphere/dcos-tensorflow:0.0.3-1.5.0-gpu",
    "region": ""
  },
  "parameter_server": {
    "count": 0,
    "placement_constraint": "[]",
    "port": 2223,
    "cpus": 1,
    "mem": 4096,
    "disk": 4096,
    "disk_type": "ROOT"
  },
  "worker": {
    "count": 4,
    "placement_constraint": "[]",
    "port": 2222,
    "cpus": 10,
    "mem": 20480,
    "disk": 4096,
    "disk_type": "ROOT"
  },
  "gpu_worker": {
    "count": 0,
    "gpus": 1,
    "cpus": 1,
    "mem": 4096,
    "disk": 4096,
    "disk_type": "ROOT"
  },
  "tensorboard": {
    "port": 6006,
    "cpus": 1,
    "mem": 4096
  }
}